"보몽드 순면스퀘어 솔리드 누빔매트커버, 다크블루

","슈에뜨룸 선인장 리플 침구 세트, 베이지

","선우랜드 레인보우 2단 문걸이용 옷걸이 _중형, 화이트, 상세페이지참조

","보드래 헬로우 누빔 매트리스커버, 핑크

","보드래 퍼펙트 누빔 매트리스커버, 차콜

","피아블 클래식 방수 매트리스커버, 화이트

","더자리 에코항균 마이크로 매트리스커버, 밀키차콜그레이

","더자리 프레쉬 퓨어 매트리스 커버, 퓨어 차콜그레이

","몽쉐어 알러스킨 항균 매트리스 커버, 카키그레이

","쿠팡 브랜드 - 코멧 홈 40수 트윌 순면 100% 홑겹 매트리스커버, 그레이

","패브릭아트 항균 마이크로 원단 매트리스 커버, 아이보리

","바숨 순면 누빔 침대 매트리스커버, 차콜

","WEMAX 다용도 문옷걸이, 화이트, 1개

","타카타카 프리미엄 나노 화이바 누빔 매트리스 커버, 젠틀핑핑

","보몽드 순면스퀘어 누빔매트커버, 다크그레이

","보드래 국내산 순면 60수 누빔 매트리스커버, 그레이

","보몽드 순면스퀘어 솔리드 누빔매트커버, 다크블루

","슈에뜨룸 선인장 리플 침구 세트, 베이지

","선우랜드 레인보우 2단 문걸이용 옷걸이 _중형, 화이트, 상세페이지참조

","보드래 헬로우 누빔 매트리스커버, 핑크

","보드래 퍼펙트 누빔 매트리스커버, 차콜

","피아블 클래식 방수 매트리스커버, 화이트

","더자리 에코항균 마이크로 매트리스커버, 밀키차콜그레이

","더자리 프레쉬 퓨어 매트리스 커버, 퓨어 차콜그레이

","몽쉐어 알러스킨 항균 매트리스 커버, 카키그레이

","쿠팡 브랜드 - 코멧 홈 40수 트윌 순면 100% 홑겹 매트리스커버, 그레이

","패브릭아트 항균 마이크로 원단 매트리스 커버, 아이보리

","바숨 순면 누빔 침대 매트리스커버, 차콜

","WEMAX 다용도 문옷걸이, 화이트, 1개

","타카타카 프리미엄 나노 화이바 누빔 매트리스 커버, 젠틀핑핑

","보몽드 순면스퀘어 누빔매트커버, 다크그레이

","보드래 국내산 순면 60수 누빔 매트리스커버, 그레이

"
